{
    "4": [
        0.00023119999999998697,
        0.00021969999999993384,
        0.0011366999999999905,
        0.0002692000000000805,
        0.00023539999999999672,
        0.00024810000000008436,
        0.00029949999999989707,
        0.00010350000000003412,
        9.809999999998986e-05,
        9.729999999996686e-05,
        9.740000000002524e-05,
        9.720000000001949e-05,
        9.699999999990272e-05,
        9.70999999999611e-05,
        9.70999999999611e-05,
        0.00010840000000000849,
        9.80000000000425e-05,
        9.720000000001949e-05,
        9.740000000002524e-05,
        9.700000000001374e-05,
        9.729999999996686e-05,
        9.729999999996686e-05,
        9.820000000004825e-05,
        9.890000000001287e-05,
        9.8400000000054e-05,
        0.000107200000000085
    ],
    "6": [
        0.00028919999999998947,
        0.00029159999999994746,
        0.00029009999999995983,
        0.0002974000000000032,
        0.00028839999999996646,
        0.0002893999999999952,
        0.0002969999999999917,
        0.0002894999999999426,
        0.00028970000000005935,
        0.0002975000000000616,
        0.00029000000000001247,
        0.0002893999999999952,
        0.00028890000000003635,
        0.0002974999999999506,
        0.0002903000000000766,
        0.00029000000000001247,
        0.0002978000000000147,
        0.0002906999999999771,
        0.00028930000000004785,
        0.00028919999999998947,
        0.00029800000000002047,
        0.00029000000000001247,
        0.0002893999999999952,
        0.00032090000000006835,
        0.0002891000000000421,
        0.00028839999999996646
    ],
    "8": [
        0.0006993000000000693,
        0.0007620999999999878,
        0.0008386000000000227,
        0.0007865999999999707,
        0.0008007999999999349,
        0.0005800000000000249,
        0.0006033999999999207,
        0.0005682000000000187,
        0.0005755000000000621,
        0.0005672999999999373,
        0.0005738000000000687,
        0.000819500000000084,
        0.0023728000000000637,
        0.0008685999999999972,
        0.0008671000000000095,
        0.0008248000000000699,
        0.0005719000000000696,
        0.000758700000000001,
        0.0008368000000000819,
        0.000837100000000035,
        0.0008359000000000005,
        0.0008257999999999877,
        0.0008346000000000187,
        0.0008355000000001,
        0.000739500000000004,
        0.0005678000000000072
    ],
    "10": [
        0.0011136000000000479,
        0.0010793000000000053,
        0.0010763999999999774,
        0.001578700000000044,
        0.0016712999999999312,
        0.0025921999999999334,
        0.0011750000000000371,
        0.0015707999999999833,
        0.0015812000000000603,
        0.0015705999999999776,
        0.0011753999999999376,
        0.0015605000000000757,
        0.0011204000000000214,
        0.0018143999999999938,
        0.0011938000000000226,
        0.0010767000000000415,
        0.0024775000000000214,
        0.0020183000000000284,
        0.0012404999999999777,
        0.0011777000000000593,
        0.0011113999999999846,
        0.001093099999999958,
        0.0011105999999999616,
        0.0010788999999999938,
        0.0010788999999999938,
        0.0015047999999999728
    ],
    "12": [
        0.0041263999999999745,
        0.003049699999999933,
        0.0029036999999999535,
        0.003493999999999997,
        0.002178999999999931,
        0.0031303999999999776,
        0.002612900000000029,
        0.0021552000000000238,
        0.002523799999999965,
        0.002660299999999949,
        0.002162200000000003,
        0.002148900000000009,
        0.0031058999999999948,
        0.0021617999999999915,
        0.002171299999999987,
        0.0033487999999999296,
        0.0029983999999998456,
        0.0021586000000000105,
        0.002723000000000031,
        0.0021577999999999875,
        0.0021706000000001335,
        0.0021434000000000175,
        0.003021700000000127,
        0.002168599999999854,
        0.003344399999999803,
        0.002164300000000008
    ],
    "14": [
        0.0033079000000000303,
        0.0035131000000001578,
        0.0032922999999998037,
        0.0050642999999999105,
        0.0033361999999999004,
        0.0032585999999998894,
        0.003248099999999976,
        0.003241100000000108,
        0.005102199999999835,
        0.003370800000000118,
        0.0033039000000001373,
        0.0032635000000000858,
        0.006241500000000011,
        0.004645300000000185,
        0.0032646999999998982,
        0.0032533000000001255,
        0.0044256000000000295,
        0.00327159999999993,
        0.003255800000000031,
        0.003290499999999863,
        0.005569600000000063,
        0.008217599999999825,
        0.005092700000000061,
        0.005452200000000129,
        0.00324649999999993,
        0.003232599999999808
    ],
    "16": [
        0.0047551999999999595,
        0.004862900000000003,
        0.004994799999999966,
        0.006371699999999869,
        0.004739800000000072,
        0.00587229999999983,
        0.006329500000000099,
        0.0065885999999999445,
        0.005662999999999974,
        0.005584899999999893,
        0.005697000000000063,
        0.0070268,
        0.004726899999999867,
        0.005336600000000136,
        0.006185899999999966,
        0.005835900000000116,
        0.00474780000000008,
        0.005442199999999842,
        0.006825599999999987,
        0.006168299999999904,
        0.005856199999999978,
        0.005176600000000198,
        0.00543170000000015,
        0.006514499999999979,
        0.005249200000000176,
        0.0047040000000000415
    ],
    "18": [
        0.007172200000000073,
        0.007643100000000125,
        0.009182500000000093,
        0.007806100000000038,
        0.008401399999999892,
        0.007971000000000172,
        0.00940249999999998,
        0.01069909999999985,
        0.01281790000000016,
        0.00831330000000019,
        0.00816400000000006,
        0.00917340000000011,
        0.011074199999999923,
        0.00718630000000009,
        0.008589299999999911,
        0.007287699999999786,
        0.00762789999999991,
        0.009141500000000136,
        0.0080403,
        0.010315199999999969,
        0.010335399999999995,
        0.009235700000000069,
        0.009567000000000103,
        0.007598999999999911,
        0.008556699999999973,
        0.009976700000000172
    ],
    "20": [
        0.013451600000000008,
        0.013953000000000104,
        0.009351300000000062,
        0.010592399999999946,
        0.00936249999999994,
        0.013757800000000042,
        0.010225600000000057,
        0.010566299999999806,
        0.010805799999999977,
        0.010541300000000087,
        0.009659299999999815,
        0.012107099999999926,
        0.010035200000000133,
        0.010564300000000193,
        0.011597999999999997,
        0.010342300000000026,
        0.009542999999999857,
        0.010546500000000014,
        0.009513600000000011,
        0.011281100000000155,
        0.009993200000000257,
        0.01148680000000013,
        0.016909100000000343,
        0.00997099999999973,
        0.011433799999999827,
        0.009147700000000203
    ],